#       ,A,C,D,E,F,G,H,I,K,L,M,N,P,Q,R,S,T,V,W,Y
1,0.088,0.016,0.022,0.031,0.035,0.037,0.015,0.085,0.04,0.122,0.877,0.028,0.02,0.027,0.033,0.077,0.086,0.097,0.007,0.022
2,0.01,0.001,0.004,0.009,0.002,0.011,0.002,0.007,0.009,0.005,0.003,0.006,0.003,0.005,0.005,0.012,0.009,0.005,0,0.002
3,0.014,0.001,0.013,0.03,0.002,0.013,0.005,0.006,0.025,0.014,0.008,0.014,0.008,0.022,0.011,0.014,0.014,0.006,0.001,0.003
4,0.042,0.012,0.006,0.009,0.069,0.009,0.005,0.871,0.01,0.185,0.042,0.008,0.008,0.009,0.009,0.017,0.033,0.302,0.004,0.014
5,0.034,0.003,0.028,0.078,0.005,0.017,0.015,0.01,0.171,0.017,0.008,0.043,0.011,0.131,0.054,0.035,0.027,0.014,0.002,0.008
6,0.087,0.012,0.043,0.048,0.01,0.047,0.013,0.014,0.035,0.021,0.009,0.099,0.022,0.027,0.025,0.983,0.053,0.028,0.003,0.01
7,0.026,0.002,0.067,0.058,0.004,0.013,0.01,0.007,0.041,0.011,0.005,0.068,0.008,0.025,0.028,0.045,0.027,0.01,0.001,0.006
8,0.015,0.001,0.004,0.012,0.002,0.003,0.002,0.008,0.012,0.014,0.003,0.006,0.002,0.006,0.005,0.011,0.006,0.008,0.001,0.002
9,0.017,0.001,0.016,0.042,0.003,0.021,0.008,0.005,0.022,0.012,0.004,0.013,0.005,0.026,0.014,0.031,0.02,0.007,0.001,0.006
10,0.016,0.003,0.008,0.01,0.008,0.006,0.004,0.024,0.016,0.031,0.008,0.007,0.004,0.008,0.008,0.019,0.036,0.047,0.002,0.006
11,1.718,0.015,0.02,0.021,0.011,0.052,0.009,0.022,0.02,0.026,0.01,0.025,0.023,0.016,0.018,0.079,0.056,0.038,0.003,0.009
12,0.053,0.004,0.02,0.032,0.005,0.045,0.009,0.009,0.031,0.014,0.006,0.02,0.009,0.089,0.02,0.126,0.023,0.015,0.002,0.006
13,0.02,0.002,0.017,0.037,0.003,0.016,0.015,0.006,0.027,0.009,0.004,0.021,0.006,0.025,0.019,0.05,0.035,0.008,0.001,0.004
14,0.027,0.02,0.005,0.008,0.017,0.009,0.022,0.075,0.01,0.065,0.016,0.012,0.006,0.008,0.009,0.017,0.022,0.066,0.004,0.039
15,1.01,0.016,0.019,0.022,0.009,0.075,0.009,0.015,0.02,0.021,0.009,0.027,0.023,0.017,0.017,0.191,0.062,0.033,0.002,0.007
16,0.04,0.002,0.015,0.027,0.004,0.013,0.007,0.007,0.025,0.01,0.005,0.02,0.006,0.025,0.015,0.041,0.054,0.01,0.001,0.005
17,0.022,0.001,0.011,0.019,0.003,0.024,0.005,0.005,0.021,0.008,0.009,0.012,0.004,0.022,0.014,0.033,0.014,0.008,0.001,0.003
18,0.029,0.009,0.004,0.007,0.112,0.007,0.005,0.535,0.008,0.431,0.064,0.006,0.007,0.009,0.009,0.014,0.024,0.101,0.005,0.014
19,0.023,0.001,0.009,0.016,0.003,0.009,0.005,0.006,0.028,0.008,0.01,0.009,0.004,0.016,0.011,0.031,0.011,0.017,0.001,0.003
20,0.03,0.002,0.024,0.029,0.003,0.01,0.008,0.006,0.032,0.01,0.005,0.022,0.007,0.035,0.021,0.059,0.032,0.01,0.001,0.005
21,0.173,0.006,0.014,0.022,0.005,0.097,0.007,0.009,0.022,0.014,0.006,0.03,0.01,0.016,0.015,0.137,0.04,0.02,0.001,0.005
22,0.145,0.015,0.009,0.015,0.008,0.074,0.006,0.014,0.015,0.025,0.008,0.012,0.008,0.012,0.011,0.072,0.022,0.032,0.002,0.006
23,0.03,0.002,0.033,0.036,0.004,0.02,0.009,0.006,0.03,0.01,0.005,0.05,0.007,0.028,0.018,0.072,0.022,0.009,0.001,0.005
24,0.029,0.001,0.014,0.027,0.003,0.021,0.007,0.005,0.023,0.008,0.004,0.018,0.005,0.021,0.024,0.047,0.018,0.007,0.001,0.004
25,0.03,0.009,0.004,0.007,0.093,0.007,0.005,0.456,0.008,0.422,0.047,0.006,0.007,0.009,0.008,0.014,0.024,0.14,0.005,0.013
26,0.02,0.001,0.008,0.018,0.003,0.007,0.004,0.008,0.016,0.013,0.003,0.01,0.003,0.01,0.009,0.03,0.02,0.007,0.001,0.003
27,0.022,0.001,0.017,0.018,0.003,0.025,0.005,0.009,0.018,0.008,0.004,0.011,0.004,0.014,0.011,0.044,0.02,0.007,0.001,0.003
28,0.023,0.002,0.005,0.008,0.006,0.017,0.005,0.018,0.009,0.015,0.006,0.006,0.004,0.007,0.008,0.013,0.012,0.043,0.001,0.005
29,0.034,0.002,0.013,0.019,0.004,0.065,0.006,0.011,0.019,0.01,0.005,0.027,0.005,0.013,0.012,0.024,0.018,0.011,0.001,0.004
30,0.023,0.002,0.015,0.034,0.003,0.014,0.007,0.005,0.043,0.012,0.006,0.019,0.007,0.03,0.015,0.029,0.032,0.008,0.001,0.004
31,0.096,0.004,0.007,0.012,0.009,0.023,0.005,0.021,0.013,0.022,0.009,0.009,0.015,0.01,0.01,0.025,0.018,0.082,0.002,0.007
32,0.017,0.002,0.014,0.021,0.004,0.007,0.007,0.012,0.019,0.012,0.005,0.011,0.005,0.016,0.012,0.043,0.038,0.012,0.001,0.006
33,0.027,0.003,0.019,0.034,0.005,0.012,0.011,0.01,0.141,0.034,0.016,0.02,0.011,0.038,0.044,0.027,0.027,0.014,0.002,0.007
34,0.158,0.005,1.04,0.109,0.007,0.043,0.019,0.012,0.044,0.018,0.007,0.062,0.021,0.042,0.024,0.058,0.037,0.02,0.002,0.009
35,0.029,0.002,0.021,0.06,0.003,0.017,0.01,0.005,0.034,0.009,0.004,0.022,0.006,0.023,0.017,0.044,0.02,0.008,0.001,0.004
36,0.018,0.002,0.016,0.025,0.003,0.011,0.007,0.012,0.027,0.009,0.004,0.016,0.006,0.037,0.026,0.035,0.031,0.011,0.001,0.004
37,0.091,0.013,0.02,0.025,0.009,0.044,0.009,0.016,0.024,0.021,0.009,0.026,0.02,0.019,0.019,0.571,0.411,0.03,0.002,0.007
38,0.02,0.002,0.019,0.044,0.003,0.009,0.009,0.006,0.046,0.009,0.004,0.016,0.006,0.022,0.024,0.031,0.043,0.012,0.001,0.009
39,0.034,0.009,0.006,0.01,0.03,0.01,0.008,0.099,0.012,0.244,0.03,0.009,0.008,0.011,0.011,0.02,0.027,0.131,0.005,0.161
40,0.02,0.002,0.017,0.029,0.003,0.008,0.007,0.005,0.027,0.015,0.004,0.016,0.017,0.031,0.015,0.053,0.02,0.008,0.001,0.004
41,0.193,0.015,0.025,0.026,0.009,1.263,0.009,0.014,0.021,0.019,0.008,0.029,0.023,0.017,0.017,0.086,0.059,0.031,0.002,0.007
42,0.051,0.005,0.09,0.1,0.009,0.036,0.023,0.014,0.117,0.024,0.01,0.844,0.02,0.076,0.061,0.054,0.038,0.021,0.003,0.012
43,0.024,0.002,0.038,0.033,0.003,0.01,0.008,0.007,0.028,0.009,0.004,0.022,0.006,0.021,0.025,0.043,0.045,0.009,0.001,0.005
44,0.019,0.001,0.012,0.016,0.002,0.006,0.005,0.005,0.022,0.011,0.003,0.017,0.004,0.011,0.013,0.021,0.021,0.013,0.001,0.003
45,1.222,0.016,0.02,0.022,0.009,0.136,0.009,0.016,0.02,0.021,0.009,0.027,0.024,0.017,0.017,0.088,0.062,0.034,0.002,0.007
46,0.028,0.002,0.022,0.028,0.003,0.025,0.035,0.006,0.042,0.01,0.005,0.017,0.007,0.022,0.024,0.04,0.018,0.009,0.001,0.005
47,0.02,0.002,0.022,0.046,0.003,0.009,0.011,0.005,0.029,0.011,0.004,0.028,0.009,0.032,0.021,0.035,0.024,0.008,0.001,0.005
48,0.026,0.001,0.007,0.013,0.003,0.004,0.005,0.005,0.018,0.016,0.003,0.007,0.003,0.008,0.01,0.015,0.008,0.008,0.001,0.01
49,0.034,0.01,0.005,0.008,0.042,0.008,0.005,0.788,0.009,0.354,0.11,0.007,0.007,0.009,0.009,0.014,0.027,0.153,0.005,0.013
50,0.02,0.002,0.048,0.03,0.003,0.01,0.007,0.011,0.025,0.008,0.005,0.016,0.016,0.016,0.014,0.022,0.024,0.008,0.001,0.004
51,0.022,0.001,0.016,0.029,0.003,0.01,0.009,0.005,0.035,0.016,0.004,0.024,0.005,0.024,0.016,0.027,0.023,0.007,0.001,0.004
52,0.029,0.002,0.019,0.064,0.004,0.008,0.007,0.01,0.024,0.014,0.006,0.014,0.006,0.017,0.015,0.038,0.015,0.011,0.001,0.004
53,0.047,0.002,0.019,0.028,0.003,0.009,0.02,0.005,0.043,0.01,0.004,0.02,0.006,0.025,0.017,0.025,0.019,0.008,0.001,0.011
54,0.023,0.002,0.02,0.032,0.003,0.009,0.009,0.005,0.027,0.009,0.006,0.02,0.006,0.024,0.02,0.047,0.032,0.012,0.001,0.004
55,0.014,0.003,0.006,0.008,0.006,0.004,0.003,0.013,0.017,0.012,0.004,0.005,0.003,0.007,0.009,0.01,0.012,0.009,0.001,0.014
56,0.072,0.002,0.01,0.017,0.004,0.024,0.005,0.007,0.018,0.016,0.005,0.013,0.005,0.012,0.014,0.035,0.018,0.01,0.001,0.004
57,0.027,0.001,0.016,0.033,0.003,0.01,0.006,0.006,0.032,0.014,0.004,0.016,0.005,0.034,0.014,0.026,0.019,0.009,0.001,0.004
58,0.025,0.002,0.028,0.044,0.003,0.013,0.008,0.006,0.031,0.01,0.006,0.024,0.007,0.046,0.028,0.043,0.021,0.009,0.001,0.005
59,0.038,0.011,0.005,0.008,0.035,0.008,0.005,0.853,0.009,0.304,0.055,0.007,0.007,0.008,0.008,0.014,0.03,0.244,0.004,0.012
60,0.07,0.003,0.012,0.02,0.005,0.014,0.006,0.009,0.02,0.013,0.006,0.013,0.006,0.024,0.013,0.075,0.028,0.023,0.001,0.005
61,0.025,0.001,0.013,0.028,0.003,0.02,0.007,0.004,0.02,0.007,0.003,0.021,0.005,0.018,0.012,0.032,0.017,0.01,0.001,0.003
62,0.05,0.002,0.012,0.021,0.004,0.008,0.006,0.007,0.042,0.01,0.005,0.013,0.005,0.029,0.014,0.024,0.017,0.024,0.001,0.004
63,0.032,0.01,0.004,0.007,0.032,0.007,0.004,0.526,0.008,0.454,0.042,0.006,0.006,0.007,0.007,0.013,0.025,0.234,0.004,0.01
64,0.028,0.001,0.017,0.039,0.003,0.012,0.007,0.005,0.031,0.008,0.007,0.026,0.006,0.022,0.015,0.034,0.021,0.009,0.001,0.004
65,0.021,0.002,0.026,0.049,0.003,0.013,0.008,0.005,0.028,0.009,0.004,0.018,0.006,0.03,0.028,0.044,0.036,0.008,0.001,0.004
66,0.047,0.007,0.026,0.013,0.129,0.01,0.007,0.059,0.014,0.05,0.029,0.01,0.007,0.011,0.012,0.02,0.024,0.05,0.004,0.013
67,0.027,0.013,0.005,0.009,0.013,0.046,0.006,0.055,0.011,0.034,0.013,0.008,0.006,0.009,0.009,0.042,0.02,0.115,0.003,0.009
68,0.024,0.002,0.015,0.028,0.003,0.015,0.009,0.005,0.031,0.009,0.004,0.032,0.006,0.024,0.021,0.036,0.031,0.008,0.001,0.006
69,0.021,0.003,0.01,0.017,0.007,0.008,0.008,0.014,0.019,0.066,0.007,0.059,0.005,0.013,0.017,0.018,0.015,0.016,0.002,0.006
70,0.036,0.011,0.005,0.008,0.03,0.007,0.004,0.645,0.008,0.336,0.038,0.006,0.006,0.007,0.007,0.013,0.028,0.309,0.003,0.01
71,0.042,0.004,0.036,0.06,0.008,0.022,0.225,0.014,0.09,0.023,0.01,0.051,0.015,0.224,0.088,0.043,0.034,0.02,0.003,0.011
72,0.043,0.005,0.025,0.037,0.007,0.049,0.011,0.012,0.034,0.017,0.008,0.03,0.012,0.036,0.022,0.272,0.081,0.018,0.002,0.007
73,0.044,0.011,0.006,0.011,0.024,0.011,0.007,0.153,0.013,0.097,0.048,0.01,0.008,0.01,0.011,0.021,0.132,0.374,0.004,0.014
74,0.288,0.005,0.035,0.036,0.008,0.019,0.016,0.015,0.033,0.021,0.009,0.023,0.011,0.024,0.021,0.061,0.029,0.028,0.002,0.008
75,0.036,0.002,0.016,0.039,0.003,0.012,0.008,0.007,0.035,0.009,0.004,0.03,0.006,0.029,0.017,0.05,0.02,0.009,0.001,0.004
76,0.046,0.003,0.1,0.34,0.005,0.069,0.015,0.008,0.043,0.014,0.006,0.072,0.013,0.039,0.024,0.038,0.026,0.013,0.002,0.007
77,0.029,0.009,0.012,0.013,2.521,0.021,0.03,0.046,0.014,0.104,0.025,0.017,0.013,0.015,0.016,0.024,0.021,0.044,0.027,0.147
78,0.024,0.002,0.021,0.076,0.004,0.01,0.008,0.006,0.028,0.01,0.005,0.017,0.007,0.032,0.017,0.029,0.029,0.027,0.001,0.005
79,0.097,0.003,0.01,0.02,0.007,0.012,0.006,0.014,0.018,0.018,0.007,0.011,0.005,0.015,0.012,0.025,0.016,0.03,0.002,0.006
80,0.038,0.009,0.006,0.011,0.021,0.011,0.008,0.099,0.024,0.064,0.065,0.01,0.008,0.011,0.012,0.022,0.055,0.196,0.004,0.014
81,0.039,0.005,2.395,0.097,0.008,0.042,0.017,0.009,0.035,0.016,0.006,0.054,0.021,0.035,0.02,0.043,0.027,0.014,0.003,0.01
82,0.03,0.002,0.02,0.063,0.004,0.012,0.01,0.007,0.036,0.013,0.006,0.032,0.008,0.07,0.021,0.041,0.032,0.013,0.001,0.006
83,0.043,0.002,0.021,0.027,0.003,0.013,0.01,0.005,0.046,0.01,0.004,0.024,0.006,0.033,0.03,0.025,0.016,0.009,0.001,0.004
84,0.031,0.006,0.005,0.008,0.014,0.015,0.006,0.081,0.01,0.082,0.016,0.007,0.005,0.008,0.009,0.022,0.033,0.038,0.003,0.01
85,0.127,0.003,0.017,0.028,0.005,0.018,0.008,0.009,0.043,0.014,0.006,0.022,0.008,0.019,0.018,0.078,0.022,0.016,0.001,0.006
86,0.031,0.001,0.014,0.029,0.003,0.016,0.009,0.006,0.031,0.008,0.004,0.018,0.005,0.03,0.018,0.034,0.021,0.007,0.001,0.004
87,0.017,0.001,0.016,0.03,0.003,0.012,0.006,0.005,0.022,0.012,0.011,0.019,0.005,0.021,0.017,0.042,0.021,0.007,0.001,0.004
88,0.035,0.009,0.005,0.009,0.078,0.011,0.008,0.163,0.012,0.095,0.045,0.011,0.008,0.01,0.011,0.022,0.028,0.067,0.022,0.016
89,0.022,0.002,0.033,0.044,0.003,0.014,0.008,0.006,0.028,0.014,0.006,0.024,0.006,0.043,0.019,0.025,0.017,0.008,0.001,0.004
90,0.022,0.001,0.009,0.021,0.002,0.012,0.004,0.004,0.018,0.013,0.003,0.018,0.004,0.013,0.01,0.016,0.012,0.006,0.001,0.003
91,0.012,0.001,0.01,0.021,0.002,0.012,0.005,0.005,0.017,0.012,0.005,0.022,0.009,0.013,0.01,0.014,0.011,0.006,0.001,0.003
92,0.007,0.001,0.005,0.009,0.002,0.004,0.002,0.005,0.008,0.009,0.002,0.005,0.002,0.005,0.005,0.008,0.012,0.007,0.001,0.002
93,0.016,0.001,0.013,0.027,0.003,0.018,0.006,0.005,0.024,0.008,0.004,0.019,0.008,0.019,0.013,0.031,0.013,0.007,0.001,0.004
94,0.011,0.001,0.004,0.008,0.002,0.004,0.002,0.004,0.008,0.006,0.002,0.007,0.002,0.006,0.006,0.01,0.008,0.008,0.001,0.004
95,0.009,0.001,0.006,0.009,0.002,0.003,0.003,0.004,0.01,0.011,0.003,0.005,0.012,0.008,0.006,0.009,0.008,0.005,0.001,0.002
96,0.02,0.001,0.011,0.022,0.004,0.007,0.006,0.005,0.022,0.01,0.003,0.016,0.008,0.022,0.016,0.018,0.014,0.007,0.001,0.003
97,0.012,0.001,0.007,0.012,0.003,0.006,0.004,0.006,0.014,0.01,0.006,0.009,0.004,0.008,0.008,0.014,0.023,0.009,0.001,0.003
98,0.009,0.001,0.006,0.011,0.002,0.009,0.003,0.004,0.011,0.006,0.003,0.007,0.007,0.008,0.008,0.018,0.008,0.005,0.001,0.006
99,0.023,0.001,0.012,0.019,0.003,0.011,0.005,0.005,0.02,0.007,0.003,0.011,0.004,0.014,0.012,0.024,0.017,0.007,0.001,0.003
100,0.011,0.001,0.004,0.007,0.002,0.003,0.002,0.005,0.007,0.007,0.003,0.005,0.002,0.006,0.005,0.012,0.008,0.009,0.001,0.004
101,0.01,0.001,0.008,0.011,0.003,0.004,0.003,0.003,0.009,0.008,0.003,0.006,0.005,0.007,0.006,0.011,0.011,0.004,0.001,0.002
102,0.029,0.006,0.009,0.015,0.112,0.01,0.008,0.033,0.025,0.043,0.015,0.014,0.007,0.013,0.014,0.021,0.026,0.036,0.004,0.019
103,0.013,0.001,0.009,0.019,0.003,0.007,0.005,0.005,0.018,0.008,0.004,0.013,0.004,0.012,0.01,0.025,0.019,0.018,0.001,0.003
104,0.049,0.006,0.043,0.065,0.007,0.052,0.012,0.013,0.037,0.019,0.008,0.032,0.302,0.028,0.024,0.056,0.033,0.02,0.002,0.008
105,0.022,0.002,0.019,0.035,0.004,0.012,0.011,0.006,0.033,0.01,0.005,0.046,0.007,0.028,0.024,0.034,0.02,0.011,0.001,0.005
106,0.012,0.001,0.007,0.012,0.005,0.004,0.004,0.004,0.014,0.008,0.003,0.01,0.005,0.009,0.015,0.013,0.01,0.006,0.001,0.004
107,0.018,0.001,0.011,0.022,0.003,0.018,0.007,0.006,0.021,0.007,0.003,0.018,0.006,0.013,0.013,0.029,0.011,0.006,0.001,0.003
108,0.019,0.004,0.005,0.009,0.012,0.016,0.005,0.024,0.01,0.077,0.011,0.007,0.004,0.008,0.008,0.013,0.015,0.025,0.003,0.024
109,0.016,0.002,0.012,0.017,0.044,0.013,0.005,0.011,0.014,0.016,0.006,0.013,0.004,0.01,0.01,0.014,0.013,0.014,0.001,0.005